Provinsi,ipm_2022,ipm_2021,ipm_2020,ipm_2019,ipm_2018,ipm_2017,ipm_2016,ipm_2015,ipm_2014,ipm_2013,ipm_2012,ipm_2011,ipm_2010
ACEH,72.8,72.18,71.99,71.9,71.19,70.6,70,69.45,68.81,68.3,67.81,67.45,67.09
Simeulue,67.27,66.41,66.03,65.7,64.74,64.41,63.82,63.16,62.18,61.68,61.25,61.03,60.6
Aceh Singkil,69.62,69.22,68.94,68.91,68.02,67.37,66.96,66.05,65.27,64.87,64.23,63.13,62.36
Aceh Selatan,67.87,67.44,67.12,66.9,65.92,65.03,64.13,63.28,62.35,62.27,61.69,61.52,61.22
Aceh Tenggara,70.32,69.44,69.37,69.36,68.67,68.09,67.48,66.77,65.9,65.55,64.99,64.27,63.82
Aceh Timur,68.72,67.83,67.63,67.39,66.82,66.32,65.42,64.55,63.57,63.27,62.93,62.35,61.75
Aceh Tengah,73.95,73.37,73.24,73.14,72.64,72.19,72.04,71.51,70.96,70.51,70.18,70,69.17
Aceh Barat,72.34,71.67,71.38,71.22,70.47,70.2,69.26,68.41,67.31,66.86,66.66,66.47,66.05
Aceh Besar,74,73.58,73.56,73.55,72.73,72,71.75,71.7,71.06,70.61,70.1,69.94,69.76
Pidie,71.2,70.7,70.63,70.41,69.93,69.52,69.06,68.68,67.87,67.59,67.3,66.95,66.75
Bireuen,73.16,72.33,72.28,72.27,71.37,71.11,70.21,69.77,68.71,68.23,67.57,67.03,66.42
Aceh Utara,70.22,69.46,69.33,69.22,68.36,67.67,67.19,66.85,65.93,65.36,64.82,64.22,63.56
Aceh Barat Daya,67.41,66.99,66.75,66.56,65.67,65.09,64.57,63.77,63.08,62.62,62.15,61.75,60.91
Gayo Lues,68.25,67.56,67.22,66.87,65.88,65.01,64.26,63.67,63.34,63.22,62.85,61.91,60.93
Aceh Tamiang,70.43,69.48,69.24,69.23,68.45,67.99,67.41,67.03,66.09,65.56,65.21,64.89,64.67
Nagan Raya,70.1,69.31,69.18,69.11,68.15,67.78,67.32,66.73,65.58,65.23,64.91,64.24,63.57
Aceh Jaya,70.36,69.84,69.75,69.74,68.83,68.07,67.7,67.53,67.3,66.92,66.42,65.17,64.75
Bener Meriah,73.9,73.27,72.98,72.97,72.14,71.89,71.42,70.62,70,69.74,69.14,68.24,67.29
Pidie Jaya,74.34,73.6,73.2,72.87,72.12,71.73,71.13,70.49,69.89,69.26,68.9,68.69,68.38
Kota Banda Aceh,86.28,85.71,85.41,85.07,84.37,83.95,83.73,83.25,82.22,81.84,81.3,80.87,80.36
Kota Sabang,76.85,76.11,75.78,75.77,74.82,74.1,73.36,72.51,71.5,71.07,70.84,70.15,69.7
Kota Langsa,77.82,77.44,77.17,77.16,76.34,75.89,75.41,74.74,73.81,73.4,72.75,72.15,71.79
Kota Lhokseumawe,78.04,77.57,77.31,77.3,76.62,76.34,75.78,75.11,74.44,74.13,73.55,72.35,71.55
Kota Subulussalam,66.2,65.27,64.93,64.46,63.48,62.88,62.18,61.32,60.39,60.11,59.76,59.34,58.97
SUMATERA UTARA,72.71,72,71.77,71.74,71.18,70.57,70,69.51,68.87,68.36,67.74,67.34,67.09
Nias,63.69,62.74,61.93,61.65,60.82,60.21,59.75,58.85,57.98,57.43,56.5,55.55,54.72
Mandailing Natal,68.05,67.19,66.79,66.52,65.83,65.13,64.55,63.99,63.42,62.91,62.26,61.6,60.76
Tapanuli Selatan,70.92,70.33,70.12,69.75,69.1,68.69,68.04,67.63,67.22,66.75,65.95,65.14,64.2
Tapanuli Tengah,70.31,69.61,69.23,68.86,68.27,67.96,67.27,67.06,66.16,65.64,65.43,65.16,64.39
Tapanuli Utara,74.14,73.76,73.47,73.33,72.91,72.38,71.96,71.32,70.7,70.5,69.83,69.24,68.43
Toba Samosir,75.96,75.39,75.16,74.92,74.48,73.87,73.61,73.4,72.79,72.36,71.89,71.39,70.9
Labuhan Batu,72.92,72.09,72.01,71.94,71.39,71,70.5,70.23,70.06,69.45,68.64,67.88,66.88
Asahan,71.13,70.49,70.29,69.92,69.49,69.1,68.71,68.4,67.51,66.58,66.23,65.87,65.06
Simalungun,73.77,73.4,73.25,72.98,72.49,71.83,71.48,71.24,70.89,70.28,69.79,69.03,68.8
Dairi,72.56,71.84,71.57,71.42,70.89,70.36,69.61,69,67.91,67.15,66.95,66.62,65.91
Karo,75.36,74.83,74.43,74.25,73.91,73.53,73.29,72.69,71.84,71.62,71.4,71.12,70.36
Deli Serdang,76.19,75.53,75.44,75.43,74.92,73.94,73.51,72.79,71.98,71.39,70.88,70.25,70.06
Langkat,71.86,71.35,71,70.76,70.27,69.82,69.13,68.53,68,67.17,66.18,65.77,64.57
Nias Selatan,63.17,62.35,61.89,61.59,60.75,59.85,59.14,58.74,57.78,56.78,55.97,55.5,54.54
Humbang Hasundutan,70.32,69.41,68.87,68.83,67.96,67.3,66.56,66.03,65.59,64.92,64.54,64.06,63.4
Pakpak Bharat,68.85,67.94,67.59,67.47,66.63,66.25,65.81,65.53,65.06,64.73,63.88,63.11,61.76
Samosir,71.67,70.83,70.63,70.55,69.99,69.43,68.82,68.43,67.8,66.8,66.31,65.81,65.14
Serdang Bedagai,71.21,70.56,70.24,70.21,69.69,69.16,68.77,68.01,67.78,67.11,66.14,65.28,64.67
Batu Bara,69.51,68.58,68.36,68.35,67.67,67.2,66.69,66.02,65.5,65.06,64.45,63.95,63.45
Padang Lawas Utara,70.93,70.11,69.85,69.29,68.77,68.34,68.05,67.35,66.5,66.13,65.65,65.22,64.25
Padang Lawas,69.58,68.64,68.25,68.16,67.59,66.82,66.23,65.99,65.5,64.62,64.05,63.28,62.45
Labuhan Batu Selatan,72.16,71.69,71.4,71.39,70.98,70.48,70.28,69.67,68.59,67.78,67.06,65.77,65.32
Labuhan Batu Utara,72.77,71.87,71.61,71.43,71.08,70.79,70.26,69.69,69.15,68.28,67.84,67.37,66.72
Nias Utara,63.75,62.82,62.36,61.98,61.08,60.57,60.23,59.88,59.18,58.29,57.87,57.53,-
Nias Barat,62.93,61.99,61.51,61.14,60.42,59.56,59.03,58.25,57.54,56.58,56.2,55.43,-
Kota Sibolga,74.74,73.94,73.63,73.41,72.65,72.28,72,71.64,71.01,70.45,69.71,69.17,68.37
Kota Tanjung Balai,69.86,68.94,68.65,68.51,68,67.41,67.09,66.74,66.05,65.4,64.89,64.13,63.47
Kota Pematang Siantar,79.7,79.17,78.75,78.57,77.88,77.54,76.9,76.34,75.83,75.05,74.51,73.61,72.52
Kota Tebing Tinggi,76.17,75.42,75.17,75.08,74.5,73.9,73.58,72.81,72.13,71.85,71.34,70.84,69.96
Kota Medan,81.76,81.21,80.98,80.97,80.65,79.98,79.34,78.87,78.26,78,77.78,77.54,77.02
Kota Binjai,76.95,76.01,75.89,75.89,75.21,74.65,74.11,73.81,72.55,72.02,71.54,70.85,70.54
Kota Padangsidimpuan,76.05,75.48,75.22,75.06,74.38,73.81,73.42,72.8,71.88,71.68,71.38,71.08,70.23
Kota Gunungsitoli,70.23,69.61,69.31,69.3,68.33,67.68,66.85,66.41,65.91,65.25,64.34,63.71,-
SUMATERA BARAT,73.26,72.65,72.38,72.39,71.73,71.24,70.73,69.98,69.36,68.91,68.36,67.81,67.25
Kepulauan Mentawai,62.19,61.35,61.09,61.26,60.28,59.25,58.27,57.41,56.73,56.33,56.1,55.9,55.66
Pesisir Selatan,70.84,70.03,69.9,70.08,69.4,68.74,68.39,68.07,67.75,67.31,66.49,65.8,65.09
Solok,70.02,69.24,69.08,69.08,68.6,67.86,67.67,67.12,66.44,66.15,65.62,65.28,64.53
Sijunjung,68.69,67.86,67.74,67.66,66.97,66.6,66.01,65.3,64.95,64.48,63.7,62.92,62.51
Tanah Datar,73.29,72.46,72.33,72.14,71.25,70.37,70.11,69.49,68.51,68.12,67.29,66.92,66.47
Padang Pariaman,71.63,70.76,70.61,70.59,69.71,68.9,68.44,68.04,67.56,67.15,66.2,65.89,65.16
Agam,73.29,72.57,72.46,72.37,71.7,71.1,70.36,69.84,69.32,68.73,67.95,66.94,66.12
Lima Puluh Kota,70.28,69.68,69.47,69.67,69.17,68.69,68.37,67.65,66.78,66.3,65.87,65.2,64.64
Pasaman,67.41,66.77,66.64,66.46,65.6,64.94,64.57,64.01,63.33,62.91,62.26,61.57,60.88
Solok Selatan,69.71,69.23,69.04,68.94,68.45,67.81,67.47,67.09,66.29,65.86,65.12,64.81,64.51
Dharmasraya,72.3,71.76,71.51,71.52,70.86,70.4,70.25,69.84,69.27,68.71,67.76,67.4,66.56
Pasaman Barat,69.57,68.76,68.49,68.21,67.43,66.83,66.03,65.26,64.56,63.92,63.33,62.55,61.77
Kota Padang,83.29,82.9,82.82,82.68,82.25,81.58,81.06,80.36,79.83,79.23,79,78.68,78.44
Kota Solok,79.23,78.41,78.29,78.38,77.89,77.44,77.07,76.83,76.2,75.54,75.02,74.68,74.38
Kota Sawah Lunto,73.73,72.88,72.64,72.39,71.72,71.13,70.67,69.87,69.61,69.07,68.59,67.97,67.55
Kota Padang Panjang,78.78,77.97,77.93,78,77.3,77.01,76.5,75.98,75.05,74.54,74.22,73.76,73.27
Kota Bukittinggi,81.42,80.7,80.58,80.71,80.11,79.8,79.11,78.72,78.02,77.67,76.92,76.3,76.12
Kota Payakumbuh,79.53,79.08,78.9,78.95,78.23,77.91,77.56,77.42,76.49,76.34,75.89,75.39,74.89
Kota Pariaman,77.65,77.07,76.9,76.7,76.26,75.71,75.44,74.98,74.66,74.51,73.47,73.07,72.56
RIAU,73.52,72.94,72.71,73,72.44,71.79,71.2,70.84,70.33,69.91,69.15,68.9,68.65
Kuantan Singingi,71.09,70.6,70.31,70.78,69.96,69.53,68.66,68.32,67.47,66.65,66.31,65.72,65.07
Indragiri Hulu,70.46,70.01,69.83,70.05,69.66,68.97,68.67,68,67.11,66.68,66.5,65.93,65.1
Indragiri Hilir,67.37,66.63,66.54,66.84,66.51,66.17,65.35,64.8,63.8,63.44,63.04,62.82,61.98
Pelalawan,72.93,72.08,71.56,71.85,71.44,70.59,70.21,69.82,68.67,68.29,67.25,66.58,65.95
Siak,74.5,73.98,73.68,74.07,73.73,73.18,72.7,72.17,71.45,70.84,70.45,70.2,69.78
Kampar,73.84,73.02,72.83,73.15,72.5,72.19,71.39,71.28,70.72,70.46,70.08,69.64,68.62
Rokan Hulu,70.31,69.67,69.38,69.93,69.36,68.67,67.86,67.29,67.02,66.07,64.99,64.2,63.59
Bengkalis,74.38,73.58,73.46,73.44,72.94,72.27,71.98,71.29,70.84,70.6,70.26,69.72,69.29
Rokan Hilir,70.1,69.34,69.15,69.4,68.73,67.84,67.52,66.81,66.22,65.46,65.09,64.76,64.13
Kepulauan Meranti,66.52,65.7,65.5,65.93,65.23,64.7,63.9,63.25,62.91,62.53,61.49,60.38,59.71
Kota Pekanbaru,82.06,81.58,81.32,81.35,80.66,79.97,79.69,79.32,78.42,78.16,77.94,77.71,77.34
Kota Dumai,75.26,74.75,74.4,74.64,74.06,73.46,72.96,72.2,71.86,71.59,71.07,70.43,69.55
JAMBI,72.14,71.63,71.29,71.26,70.65,69.99,69.62,68.89,68.24,67.76,66.94,66.14,65.39
Kerinci,71.99,71.45,71.21,70.95,70.59,70.03,69.68,68.89,67.96,67.49,66.71,65.85,65.16
Merangin,69.98,69.53,69.19,69.07,68.81,68.3,67.86,67.15,66.21,65.82,65.31,64.4,63.85
Sarolangun,70.89,70.25,69.86,69.72,69.41,69.03,68.73,68.1,67.67,67.13,66.16,65.2,64.64
Batang Hari,70.51,70.11,69.84,69.67,69.33,68.92,68.7,68.05,67.68,67.24,66.97,66.32,65.67
Muaro Jambi,70.18,69.55,69.18,69.01,68.34,67.86,67.55,66.66,65.71,65.14,64.17,63.39,62.84
Tanjung Jabung Timur,65.77,64.91,64.43,63.92,63.32,62.61,61.88,61.12,59.88,59.41,58.63,57.77,57.21
Tanjung Jabung Barat,68.79,68.16,67.54,67.54,67.13,66.15,65.91,65.03,64.04,63.54,62.86,61.98,61.49
Tebo,69.78,69.35,69.14,69.02,68.67,68.16,68.05,67.29,66.63,65.91,65.23,64.45,63.62
Bungo,70.55,70.15,69.92,69.86,69.42,69.04,68.77,68.34,67.93,67.54,67.2,66.7,66.28
Kota Jambi,79.58,79.12,78.37,78.26,77.41,76.74,76.14,75.58,74.86,74.21,73.78,72.96,72.23
Kota Sungai Penuh,76.17,75.7,75.42,75.36,74.67,73.75,73.35,73.03,72.48,72.09,71.23,70.55,69.91
SUMATERA SELATAN,70.9,70.24,70.01,70.02,69.39,68.86,68.24,67.46,66.75,66.16,65.79,65.12,64.44
Ogan Komering Ulu,70.24,69.6,69.32,69.45,69.01,68.28,67.47,67.18,66.21,65.51,65.09,64.62,64.13
Ogan Komering Ilir,68.02,67.17,66.82,66.96,66.57,66.11,65.44,64.73,63.87,63.52,62.29,61.68,61.04
Muara Enim,69.43,68.86,68.74,68.88,68.28,67.63,66.71,65.82,65.02,64.34,63.34,62.82,62.12
Lahat,68.4,67.58,67.44,67.62,66.99,66.38,65.75,65.25,64.52,64.15,63.66,62.93,62.31
Musi Rawas,67.78,67.01,66.79,66.92,66.18,65.31,64.75,64.11,63.19,62.23,61.37,60.63,59.69
Musi Banyuasin,68.6,68.1,67.69,67.83,67.57,66.96,66.45,65.76,64.93,64.18,63.27,62.56,61.79
Banyu Asin,67.93,67.13,66.74,66.9,66.4,65.85,65.01,64.15,63.21,62.42,61.69,61.04,60.31
Ogan Komering Ulu Selatan,65.87,65.34,65.3,65.43,64.84,63.96,63.42,62.57,61.94,61.58,60.63,59.74,58.88
Ogan Komering Ulu Timur,70.23,69.58,69.28,69.34,68.58,67.84,67.38,67.17,66.74,66.09,65.18,64.27,63.36
Ogan Ilir,67.96,67.17,67.06,67.22,66.43,65.63,65.45,65.35,64.49,63.64,63.03,62.47,61.62
Empat Lawang,66,65.39,65.25,65.1,64.81,64.21,64,63.55,63.17,62.74,62.3,61.86,61.11
Penukal Abab Lematang Ilir,65.75,64.88,64.7,64.33,63.49,62.58,61.66,60.83,59.89,59.69,-,-,-
Musi Rawas Utara,65.74,64.93,64.49,64.32,63.75,63.18,63.05,62.32,61.34,60.56,-,-,-
Kota Palembang,79.47,78.72,78.33,78.44,77.89,77.22,76.59,76.29,76.02,75.49,74.74,74.08,73.33
Kota Prabumulih,75.52,74.67,74.55,74.4,74.04,73.58,73.38,73.19,72.2,71.87,70.95,70.32,69.39
Kota Pagar Alam,69.6,68.68,68.31,68.44,67.62,66.81,65.96,65.37,64.75,64.14,63.33,62.71,61.97
Kota Lubuklinggau,75.53,74.89,74.78,74.81,74.09,73.67,73.57,73.17,72.84,72.55,72.04,71.62,70.72
BENGKULU,72.16,71.64,71.4,71.21,70.64,69.95,69.33,68.59,68.06,67.5,66.61,65.96,65.35
Bengkulu Selatan,71.42,70.75,70.63,70.27,69.85,69.04,68.71,68.57,68.28,67.61,66.77,66.5,65.84
Rejang Lebong,71.45,70.77,70.44,70.1,69.4,68.61,68.34,67.51,66.55,66.11,65.51,64.92,64.19
Bengkulu Utara,69.77,69.28,68.82,68.8,68.36,67.8,67.63,67.46,67.27,66.67,65.47,64.61,63.5
Kaur,67.77,67.17,66.99,66.78,66.2,65.28,64.95,64.47,63.75,63.17,62.32,61.85,61.39
Seluma,67.76,67.03,66.89,66.69,65.99,65,64.04,63.41,62.94,62.1,61.55,61.01,60.27
Mukomuko,69.12,68.64,68.45,68.12,67.47,67.07,66.52,65.77,65.31,64.79,64.16,63.71,62.95
Lebong,68.12,67.46,67.01,66.84,66.28,65.87,65.58,64.72,63.9,63.15,62.84,62.43,61.87
Kepahiang,69.09,68.62,68.17,67.67,67.14,66.6,66.35,65.45,65.22,64.44,63.86,63.44,62.6
Bengkulu Tengah,68.47,67.96,67.61,67.3,66.65,65.8,65.44,64.68,64.1,63.71,63.12,62.54,61.7
Kota Bengkulu,80.99,80.54,80.36,80.35,79.67,78.82,77.94,77.16,76.49,76.16,75.71,75.31,74.92
LAMPUNG,70.45,69.9,69.69,69.57,69.02,68.25,67.65,66.95,66.42,65.73,64.87,64.2,63.71
Lampung Barat,68.39,67.9,67.8,67.5,66.74,66.06,65.45,64.54,63.54,63.21,62.51,61.92,60.93
Tanggamus,67.22,66.65,66.42,66.37,65.67,64.94,64.41,63.66,62.67,61.89,61.14,60.63,60.09
Lampung Selatan,69,68.49,68.36,68.22,67.68,66.95,66.19,65.22,63.75,63.35,62.68,61.95,61.07
Lampung Timur,70.58,69.66,69.37,69.34,69.04,68.05,67.88,67.1,66.42,66.07,65.1,64.1,63.23
Lampung Tengah,70.8,70.23,70.16,70.04,69.73,68.95,68.33,67.61,67.07,66.57,65.6,64.71,64.14
Lampung Utara,68.33,67.89,67.67,67.63,67.17,66.58,65.95,65.2,64.89,64,62.93,62.67,61.82
Way Kanan,68.04,67.57,67.44,67.19,66.63,65.97,65.74,65.18,64.32,63.92,62.79,62.04,61.27
Tulangbawang,69.53,68.73,68.52,68.23,67.7,67.07,66.74,66.08,65.83,64.91,64.11,63.67,63.21
Pesawaran,66.7,66.14,65.79,65.75,64.97,64.43,63.47,62.7,61.7,60.94,59.98,59.44,58.64
Pringsewu,70.98,70.45,70.3,69.97,69.42,68.61,68.26,67.55,66.58,66.14,65.37,64.86,-
Mesuji,64.94,64.04,63.63,63.52,62.88,61.87,60.72,59.79,58.71,58.16,57.67,57.32,-
Tulang Bawang Barat,67.13,66.22,65.97,65.93,65.3,64.58,63.77,63.01,62.46,61.46,60.77,60.13,-
Pesisir Barat,65.14,64.3,63.91,63.79,62.96,62.2,61.5,60.55,59.76,58.95,-,-,-
Kota Bandar Lampung,78.01,77.58,77.44,77.33,76.63,75.98,75.34,74.81,74.34,73.93,72.88,72.04,71.11
Kota Metro,77.89,77.49,77.19,76.77,76.22,75.87,75.45,75.1,74.98,74.27,72.86,72.23,71.37
KEP. BANGKA BELITUNG,72.24,71.69,71.47,71.3,70.67,69.99,69.55,69.05,68.27,67.92,67.21,66.59,66.02
Bangka,72.95,72.46,72.4,72.39,71.8,71.09,70.43,70.03,69.79,69.34,67.99,67.37,66.41
Belitung,73.38,72.57,72.51,72.46,71.7,70.93,70.81,70.29,69.56,69.27,67.87,67.17,66.79
Bangka Barat,70.12,69.6,69.08,69.05,68.68,67.94,67.6,67.23,66.43,65.85,64.92,64,63.16
Bangka Tengah,71.4,70.89,70.45,70.33,69.52,68.99,68.76,68.66,68.09,67.67,66.88,66.09,65.1
Bangka Selatan,67.95,67.06,66.9,66.54,65.98,65.02,64.57,63.89,63.54,62.96,61.17,60.53,59.98
Belitung Timur,72.29,71.42,70.92,70.84,70.22,69.57,69.3,68.83,68.1,67.71,66.59,65.86,64.99
Kota Pangkal Pinang,79.24,78.57,78.22,77.97,77.43,76.86,76.73,76.61,76.28,76.14,75.69,75.02,74.68
KEPULAUAN RIAU,76.46,75.79,75.59,75.48,74.84,74.45,73.99,73.75,73.4,73.02,72.36,71.61,71.13
Karimun,72.65,71.7,71.44,71.1,70.56,70.26,69.84,69.21,68.72,68.52,67.67,66.82,66.4
Bintan,74.99,74.57,74.13,73.98,73.41,72.91,72.38,71.92,71.65,71.31,71.01,70.47,69.87
Natuna,73.47,73.09,72.72,72.63,72.1,71.52,71.23,70.87,70.06,69.39,68.8,67.76,66.29
Lingga,66.57,65.83,65.29,64.98,64.06,63.45,62.44,61.28,60.75,60.13,59.38,58.51,57.36
Kepulauan Anambas,69.61,69.23,68.8,68.48,67.53,67.06,66.3,65.86,65.12,64.86,64.32,63.71,63.03
Kota Batam,81.67,81.12,81.11,81.09,80.54,80.26,79.79,79.34,79.13,78.65,78.39,77.82,76.98
Kota Tanjung Pinang,79.64,78.93,78.91,78.73,78.33,78,77.77,77.57,77.29,76.7,75.91,74.86,73.76
DKI JAKARTA,81.65,81.11,80.77,80.76,80.47,80.06,79.6,78.99,78.39,78.08,77.53,76.98,76.31
Kep. Seribu,72.79,72.1,71.63,71.4,70.91,70.11,69.52,68.84,68.48,67.62,66.92,65.79,64.96
Kota Jakarta Selatan,85.21,84.9,84.72,84.75,84.44,84.13,83.94,83.37,82.94,82.72,81.72,81.22,80.26
Kota Jakarta Timur,83.45,82.97,82.66,82.69,82.06,81.61,81.28,80.73,80.4,79.88,79.52,78.82,78.06
Kota Jakarta Pusat,82.11,81.56,81.39,81.24,81.01,80.49,80.22,79.69,79.03,78.81,78.44,77.97,77.3
Kota Jakarta Barat,82.51,81.76,81.38,81.21,80.88,80.47,80.34,79.72,79.38,78.79,78.05,77.41,76.65
Kota Jakarta Utara,80.81,80.51,80.29,80.17,79.87,79.47,78.78,78.3,77.29,77.16,76.89,76.12,75.15
JAWA BARAT,73.12,72.45,72.09,72.03,71.3,70.69,70.05,69.5,68.8,68.25,67.32,66.67,66.15
Bogor,71.2,70.6,70.4,70.65,69.69,69.13,68.32,67.77,67.36,66.74,65.66,64.78,64.35
Sukabumi,67.64,67.07,66.88,66.87,66.05,65.49,65.13,64.44,64.07,63.63,62.27,61.14,60.69
Cianjur,65.94,65.56,65.36,65.38,64.62,63.7,62.92,62.42,62.08,61.68,60.28,59.38,58.58
Bandung,73.16,72.73,72.39,72.41,71.75,71.02,70.69,70.05,69.06,68.58,68.13,67.78,67.28
Garut,67.41,66.45,66.12,66.22,65.42,64.52,63.64,63.21,62.23,61.67,61.04,60.55,60.23
Tasikmalaya,66.84,65.9,65.67,65.64,65,64.14,63.57,63.17,62.79,62.4,61.69,61.05,60.21
Ciamis,71.45,70.93,70.49,70.39,69.63,68.87,68.45,68.02,67.64,67.2,66.29,65.48,64.64
Kuningan,70.16,69.71,69.38,69.12,68.55,67.78,67.51,67.19,66.63,66.16,65.6,65.04,64.4
Cirebon,70.06,69.12,68.75,68.69,68.05,67.39,66.7,66.07,65.53,65.06,64.48,64.17,63.64
Majalengka,68.56,67.81,67.59,67.52,66.72,65.92,65.25,64.75,64.07,63.71,63.13,62.67,62.3
Sumedang,72.69,71.8,71.64,71.46,70.99,70.07,69.45,69.29,68.76,68.47,67.36,66.16,66.04
Indramayu,68.55,67.64,67.29,66.97,66.36,65.58,64.78,64.36,63.55,62.98,62.09,61.47,60.86
Subang,69.87,69.13,68.95,68.69,68.31,67.73,67.14,66.52,65.8,65.48,64.86,64.21,63.54
Purwakarta,71.56,70.98,70.82,70.67,69.98,69.28,68.56,67.84,67.32,67.09,66.3,65.51,64.93
Karawang,71.74,70.94,70.66,70.86,69.89,69.17,68.19,67.66,67.08,66.61,65.97,65.21,64.58
Bekasi,75.22,74.45,74.07,73.99,73.49,72.63,71.83,71.19,70.51,70.09,69.38,68.66,67.58
Bandung Barat,69.04,68.29,68.08,68.27,67.46,66.63,65.81,65.23,64.27,63.93,63.17,62.36,61.34
Pangandaran,69.03,68.28,68.06,68.21,67.44,66.6,65.79,65.62,65.29,64.73,-,-,-
Kota Bogor,77.17,76.59,76.11,76.23,75.66,75.16,74.5,73.65,73.1,72.86,72.25,71.72,71.25
Kota Sukabumi,75.4,74.6,74.21,74.31,73.55,73.03,72.33,71.84,71.19,70.81,69.74,68.67,67.94
Kota Bandung,82.5,81.96,81.51,81.62,81.06,80.31,80.13,79.67,78.98,78.55,78.3,78.13,77.49
Kota Cirebon,75.89,75.25,74.89,74.92,74.35,74,73.7,73.34,72.93,72.27,71.97,71.49,70.74
Kota Bekasi,82.46,81.95,81.5,81.59,81.04,80.3,79.95,79.63,78.84,78.63,77.71,77.48,76.77
Kota Depok,81.86,81.37,80.97,80.82,80.29,79.83,79.6,79.11,78.58,78.27,77.28,76.96,76.66
Kota Cimahi,78.77,78.06,77.83,78.11,77.56,76.95,76.69,76.42,76.06,75.85,74.99,74.41,73.76
Kota Tasikmalaya,73.83,73.31,73.04,72.84,72.03,71.51,70.58,69.99,69.04,68.63,67.84,67.18,66.58
Kota Banjar,72.55,71.92,71.7,71.75,71.25,70.79,70.09,69.31,68.34,68.01,67.53,67.15,66.81
JAWA TENGAH,72.79,72.16,71.87,71.73,71.12,70.52,69.98,69.49,68.78,68.02,67.21,66.64,66.08
Cilacap,70.99,70.42,69.95,69.98,69.56,68.9,68.6,67.77,67.25,66.8,65.72,64.73,64.18
Banyumas,73.17,72.44,71.98,71.96,71.3,70.75,70.49,69.89,69.25,68.55,68.06,67.45,66.87
Purbalingga,69.54,69.15,68.97,68.99,68.41,67.72,67.48,67.03,66.23,65.53,64.94,64.33,63.61
Banjarnegara,68.61,67.86,67.45,67.34,66.54,65.86,65.52,64.73,63.15,62.84,62.29,61.58,60.7
Kebumen,70.79,70.05,69.81,69.6,68.8,68.29,67.41,66.87,65.67,64.86,64.47,64.05,63.08
Purworejo,73.6,72.98,72.68,72.5,71.87,71.31,70.66,70.37,70.12,69.77,69.4,69.11,68.16
Wonosobo,68.89,68.43,68.22,68.27,67.81,66.89,66.19,65.7,65.2,64.57,64.18,63.07,62.5
Magelang,70.85,70.12,69.87,69.87,69.11,68.39,67.85,67.13,66.35,65.86,64.75,64.16,63.28
Boyolali,74.97,74.4,74.25,73.8,73.22,72.64,72.18,71.74,70.34,69.81,69.51,69.14,68.76
Klaten,76.95,76.12,75.56,75.29,74.79,74.25,73.97,73.81,73.19,72.42,71.71,71.16,70.76
Sukoharjo,77.94,77.13,76.98,76.84,76.07,75.56,75.06,74.53,73.76,73.22,72.81,72.34,71.53
Wonogiri,71.04,70.49,70.25,69.98,69.37,68.66,68.23,67.76,66.77,66.4,65.75,64.75,63.9
Karanganyar,76.58,75.99,75.86,75.89,75.54,75.22,74.9,74.26,73.89,73.33,72.26,71,70.31
Sragen,74.65,74.08,73.95,73.43,72.96,72.4,71.43,71.1,70.52,69.95,68.91,68.12,67.67
Grobogan,70.97,70.41,69.87,69.86,69.32,68.87,68.52,68.05,67.77,67.43,66.39,65.41,64.56
Blora,69.95,69.37,68.84,68.65,67.95,67.52,66.61,66.22,65.84,65.37,64.7,63.88,63.02
Rembang,71,70.43,70.02,70.15,69.46,68.95,68.6,68.18,67.4,66.84,66.03,65.36,64.53
Pati,73.14,72.28,71.77,71.35,70.71,70.12,69.03,68.51,66.99,66.47,66.13,65.71,65.13
Kudus,75.89,75.16,75,74.94,74.58,73.84,72.94,72.72,72,71.58,70.57,69.89,69.22
Jepara,73.15,72.36,71.99,71.88,71.38,70.79,70.25,70.02,69.61,69.11,68.45,67.63,66.76
Demak,73.36,72.57,72.22,71.87,71.26,70.41,70.1,69.75,68.95,68.38,67.55,66.84,66.02
Semarang,74.67,74.24,74.1,74.14,73.61,73.2,72.4,71.89,71.65,71.29,70.88,70.35,69.58
Temanggung,70.77,69.88,69.57,69.56,68.83,68.34,67.6,67.07,65.97,65.52,64.91,64.14,63.08
Kendal,73.19,72.5,72.29,71.97,71.28,70.62,70.11,69.57,68.46,67.98,67.55,66.96,66.23
Batang,69.45,68.92,68.65,68.42,67.86,67.35,66.38,65.46,64.07,63.6,63.09,62.59,61.64
Pekalongan,70.81,70.11,69.63,69.71,68.97,68.4,67.71,67.4,66.98,66.26,65.33,64.72,63.75
Pemalang,67.19,66.56,66.32,66.32,65.67,65.04,64.17,63.7,62.35,61.81,60.78,59.66,58.64
Tegal,69.53,68.79,68.39,68.24,67.33,66.44,65.84,65.04,64.1,63.5,62.67,61.97,61.14
Brebes,67.03,66.32,66.11,66.12,65.68,64.86,63.98,63.18,62.55,61.87,60.92,60.51,59.49
Kota Magelang,80.39,79.43,78.99,78.8,78.31,77.84,77.16,76.39,75.79,75.29,75,74.47,73.99
Kota Surakarta,83.08,82.62,82.21,81.86,81.46,80.85,80.76,80.14,79.34,78.89,78.44,78,77.45
Kota Salatiga,84.35,83.6,83.14,83.12,82.41,81.68,81.14,80.96,79.98,79.37,79.1,78.76,78.35
Kota Semarang,84.08,83.55,83.05,83.19,82.72,82.01,81.19,80.23,79.24,78.68,78.04,77.58,76.96
Kota Pekalongan,75.9,75.4,74.98,74.77,74.24,73.77,73.32,72.69,71.53,70.82,69.95,69.54,68.95
Kota Tegal,76.15,75.52,75.07,74.93,74.44,73.95,73.55,72.96,72.2,71.44,70.68,70.03,69.33
D I YOGYAKARTA,80.64,80.22,79.97,79.99,79.53,78.89,78.38,77.59,76.81,76.44,76.15,75.93,75.37
Kulon Progo,75.46,74.71,74.46,74.44,73.76,73.23,72.38,71.52,70.68,70.14,69.74,69.53,68.83
Bantul,80.69,80.28,80.01,80.01,79.45,78.67,78.42,77.99,77.11,76.78,76.13,75.79,75.31
Gunung Kidul,70.96,70.16,69.98,69.96,69.24,68.73,67.82,67.41,67.03,66.31,65.69,64.83,64.2
Sleman,84.31,84,83.84,83.85,83.42,82.85,82.15,81.2,80.73,80.26,80.1,80.04,79.69
Kota Yogyakarta,87.69,87.18,86.61,86.65,86.11,85.49,85.32,84.56,83.78,83.61,83.29,82.98,82.72
JAWA TIMUR,72.75,72.14,71.71,71.5,70.77,70.27,69.74,68.95,68.14,67.55,66.74,66.06,65.36
Pacitan,69.37,68.57,68.39,68.16,67.33,66.51,65.74,64.92,63.81,63.38,62.94,62.03,61.14
Ponorogo,71.87,71.06,70.81,70.56,69.91,69.26,68.93,68.16,67.4,67.03,66.16,65.28,64.13
Trenggalek,71,70.06,69.74,69.46,68.71,68.1,67.78,67.25,66.16,65.76,65.01,64.27,63.67
Tulungagung,74.06,73.15,73,72.62,71.99,71.24,70.82,70.07,69.49,69.3,68.29,67.76,67.28
Blitar,71.86,71.05,70.58,70.57,69.93,69.33,68.88,68.13,66.88,66.49,66.17,65.47,64.79
Kediri,73.46,72.56,72.05,71.85,71.07,70.47,69.87,68.91,68.44,68.01,67.29,66.84,66.24
Malang,71.38,70.6,70.36,70.35,69.4,68.47,67.51,66.63,65.59,65.2,64.71,63.97,63.47
Lumajang,66.95,66.07,65.46,65.33,64.83,64.23,63.74,63.02,62.33,61.87,61.31,60.72,59.62
Jember,67.97,67.32,67.11,66.69,65.96,64.96,64.01,63.04,62.64,62.43,61.31,60.64,59.94
Banyuwangi,71.94,71.38,70.62,70.6,70.06,69.64,69,68.08,67.31,66.74,66.12,65.48,64.54
Bondowoso,67.31,66.59,66.43,66.09,65.27,64.75,64.52,63.95,63.43,63.21,62.24,60.46,59.47
Situbondo,68.25,67.78,67.38,67.09,66.42,65.68,65.08,64.53,63.91,63.43,62.23,60.82,60.07
Probolinggo,66.96,66.26,66.07,65.6,64.85,64.28,64.12,63.83,63.04,62.61,61.33,60.3,59.83
Pasuruan,69.68,68.93,68.6,68.29,67.41,66.69,65.71,65.04,64.35,63.74,62.31,61.43,60.79
Sidoarjo,81.02,80.65,80.29,80.05,79.5,78.7,78.17,77.43,76.78,76.39,75.14,74.48,73.75
Mojokerto,74.89,74.15,73.83,73.53,72.64,72.36,71.38,70.85,70.22,69.84,69.17,68.71,68.14
Jombang,74.05,73.45,72.97,72.85,71.86,70.88,70.03,69.59,69.07,68.63,67.82,66.84,66.2
Nganjuk,72.93,71.97,71.72,71.71,71.23,70.69,70.5,69.9,69.59,68.98,68.07,66.58,65.6
Madiun,72.39,71.88,71.73,71.69,71.01,70.27,69.67,69.39,68.6,68.07,67.32,65.98,64.87
Magetan,74.85,74.15,73.92,73.49,72.91,72.6,71.94,71.39,70.29,69.86,69.56,68.52,67.58
Ngawi,71.75,71.04,70.54,70.41,69.91,69.27,68.96,68.32,67.78,67.25,66.72,65.84,64.52
Bojonegoro,70.12,69.59,69.04,68.75,67.85,67.28,66.73,66.17,65.27,64.85,64.2,63.22,62.19
Tuban,69.67,68.91,68.4,68.37,67.43,66.77,66.19,65.52,64.58,64.14,63.36,62.47,61.33
Lamongan,74.02,73.12,72.58,72.57,71.97,71.11,70.34,69.84,69.42,68.9,67.51,66.21,65.4
Gresik,77.16,76.5,76.11,76.1,75.28,74.84,74.46,73.57,72.84,72.47,72.12,71.11,69.9
Bangkalan,65.05,64.36,64.11,63.79,62.87,62.3,62.06,61.49,60.71,60.19,59.65,58.63,57.23
Sampang,63.39,62.8,62.7,61.94,61,59.9,59.09,58.18,56.98,56.45,55.78,55.17,54.49
Pamekasan,66.99,66.4,66.26,65.94,65.41,64.93,63.98,63.1,62.66,62.27,61.21,60.42,59.37
Sumenep,67.87,67.04,66.43,66.22,65.25,64.28,63.42,62.38,61.43,60.84,60.08,58.7,57.27
Kota Kediri,79.59,78.6,78.23,78.08,77.58,77.13,76.33,75.67,74.62,74.18,73.66,72.93,72.2
Kota Blitar,79.93,78.98,78.57,78.56,77.58,77.1,76.71,76,75.26,74.53,73.53,73.08,72.56
Kota Malang,82.71,82.04,81.45,81.32,80.89,80.65,80.46,80.05,78.96,78.44,78.04,77.36,76.69
Kota Probolinggo,74.56,73.66,73.27,73.27,72.53,72.09,71.5,71.01,70.49,70.05,68.93,68.14,67.3
Kota Pasuruan,76.54,75.62,75.26,75.25,74.78,74.39,74.11,73.78,73.23,72.89,72.01,70.41,69.69
Kota Mojokerto,79.32,78.43,78.04,77.96,77.14,76.77,76.38,75.54,75.04,74.91,74.2,73.47,72.78
Kota Madiun,82.01,81.25,80.91,80.88,80.33,80.13,80.01,79.48,78.81,78.41,77.21,76.48,75.98
Kota Surabaya,82.74,82.31,82.23,82.22,81.74,81.07,80.38,79.47,78.87,78.51,78.05,77.62,77.2
Kota Batu,77.22,76.28,75.9,75.88,75.04,74.26,73.57,72.62,71.89,71.55,70.62,69.76,68.66
BANTEN,73.32,72.72,72.45,72.44,71.95,71.42,70.96,70.27,69.89,69.47,68.92,68.22,67.54
Pandeglang,65.84,65.17,65,64.91,64.34,63.82,63.4,62.72,62.06,61.35,60.48,59.92,59.08
Lebak,64.71,64.03,63.91,63.88,63.37,62.95,62.78,62.03,61.64,61.13,60.22,59.82,58.83
Tangerang,72.97,72.29,71.92,71.93,71.59,70.97,70.44,70.05,69.57,69.28,68.83,68.45,68.01
Serang,67.75,66.82,66.7,66.38,65.93,65.6,65.12,64.61,63.97,63.57,62.97,61.97,60.96
Kota Tangerang,78.9,78.5,78.25,78.43,77.92,77.01,76.81,76.08,75.87,75.04,74.57,74.15,73.69
Kota Cilegon,73.95,73.35,73.05,73.01,72.65,72.29,72.04,71.81,71.57,70.99,70.07,69.26,68.8
Kota Serang,72.98,72.44,72.16,72.1,71.68,71.31,71.09,70.51,70.26,69.69,69.43,68.69,68.25
Kota Tangerang Selatan,81.95,81.6,81.36,81.48,81.17,80.84,80.11,79.38,79.17,78.65,77.68,76.99,-
BALI,76.44,75.69,75.5,75.38,74.77,74.3,73.65,73.27,72.48,72.09,71.62,70.87,70.1
Jembrana,73.58,72.75,72.36,72.35,71.65,70.72,70.38,69.66,68.67,68.39,67.94,67.53,66.7
Tabanan,76.75,76.45,76.17,76.16,75.45,74.86,74.19,73.54,72.68,72.31,71.69,71.35,70.68
Badung,82.13,81.83,81.6,81.59,80.87,80.54,79.8,78.86,77.98,77.63,77.26,76.66,75.84
Gianyar,78.39,77.7,77.36,77.14,76.71,76.09,75.7,75.03,74.29,74,73.36,72.5,71.45
Klungkung,72.55,71.75,71.73,71.71,70.9,70.13,69.31,68.98,68.3,68.08,67.64,67.01,66.01
Bangli,70.26,69.37,69.36,69.35,68.96,68.24,67.03,66.24,65.75,65.47,64.53,63.87,63.43
Karangasem,68.28,67.36,67.35,67.34,66.49,65.57,65.23,64.68,64.01,63.7,62.95,61.6,60.58
Buleleng,73.45,72.56,72.55,72.3,71.7,71.11,70.65,70.03,69.16,68.83,68.29,67.73,66.98
Kota Denpasar,84.37,84.03,83.93,83.68,83.3,83.01,82.58,82.24,81.65,81.32,80.45,79.77,79.19
NUSA TENGGARA BARAT,69.46,68.65,68.25,68.14,67.3,66.58,65.81,65.19,64.31,63.76,62.98,62.14,61.16
Lombok Barat,69.41,68.61,68.2,68.03,67.18,66.37,65.55,64.62,63.52,62.91,62.24,61.64,60.61
Lombok Tengah,67.57,66.72,66.43,66.36,65.36,64.36,63.22,62.74,61.88,61.25,60.57,59.77,58.97
Lombok Timur,67.59,66.66,66.3,66.23,65.35,64.37,63.7,62.83,62.07,61.43,60.73,59.84,58.86
Sumbawa,68.89,68.01,67.61,67.6,66.77,65.84,64.89,63.91,62.88,62.44,61.96,61.5,60.93
Dompu,69.15,68.45,67.84,67.83,66.97,66.33,65.48,64.56,63.53,63.16,62.6,61.84,61.44
Bima,67.57,66.66,66.3,66.37,65.62,65.01,64.15,63.48,62.61,62.08,61.05,60.62,60.19
Sumbawa Barat,72.65,71.85,71.63,71.52,70.71,70.08,69.26,68.38,67.19,66.86,66.45,65.94,65.42
Lombok Utara,65.7,64.77,64.42,64.49,63.83,63.04,62.24,61.15,60.17,59.2,58.19,57.13,56.13
Kota Mataram,79.59,79.14,78.91,79.1,78.43,77.84,77.2,76.37,75.93,75.22,74.22,73.5,72.47
Kota Bima,76.84,76.11,75.81,75.8,75.04,74.36,73.67,72.99,72.23,71.72,71.21,70.57,70.11
NUSA TENGGARA TIMUR,65.9,65.28,65.19,65.23,64.39,63.73,63.13,62.67,62.26,61.68,60.81,60.24,59.21
Sumba Barat,64.43,63.83,63.53,63.56,62.91,62.3,61.85,61.36,60.9,60.55,59.98,59.33,58.5
Sumba Timur,66.17,65.74,65.52,65.34,64.65,64.19,63.22,62.54,62.04,61.44,60.89,60.43,59.94
Kupang,65.04,64.41,64.32,64.43,63.55,62.79,62.39,62.04,61.68,61.07,60.34,59.74,58.57
Timor Tengah Selatan,62.73,62.16,62.15,62.23,61.58,61.08,60.37,59.9,59.41,58.76,57.94,56.82,55.72
Timor Tengah Utara,64.26,63.69,63.53,63.34,62.65,62.03,61.54,60.96,60.41,59.56,59.04,57.87,56.93
Belu,63.22,62.77,62.68,62.54,61.86,61.44,61.04,60.54,59.72,59.12,57.58,56.63,55.78
Alor,62.26,61.37,61.33,61.03,60.14,59.61,58.99,58.5,58,57.52,56.47,56.01,55.46
Lembata,65.47,64.75,64.74,64.91,63.96,63.09,62.81,62.16,61.45,60.56,59.51,58.76,57.78
Flores Timur,64.93,64.22,64.22,64.34,63.55,62.89,61.9,61.24,60.42,59.8,58.93,58.15,57.28
Sikka,66.06,65.41,65.11,64.75,63.89,63.08,62.42,61.81,61.36,60.84,60.12,59.62,59.04
Ende,67.97,67.3,67.04,67.2,66.62,66.11,65.74,65.54,65.25,64.64,63.93,62.78,61.92
Ngada,68.26,67.88,67.88,67.76,67.1,66.47,65.61,65.1,64.64,64.43,63.57,62.8,61.84
Manggarai,65.83,65.01,64.54,64.15,63.32,62.24,61.67,60.87,60.08,59.49,58.92,58.02,57.18
Rote Ndao,63.21,62.6,62.39,62.22,61.51,60.51,59.28,58.32,57.82,57.28,56.56,55.78,54.79
Manggarai Barat,64.92,64.17,63.89,63.5,62.58,61.65,60.63,60.04,59.64,59.02,58.13,57.75,57.08
Sumba Tengah,62.71,61.8,61.53,61.01,60.07,59.39,58.52,57.91,57.6,57.25,56.66,56.21,55.35
Sumba Barat Daya,63.15,62.29,62.28,62.6,61.89,61.46,61.31,60.53,59.9,59.26,58.22,57.35,56.37
Nagekeo,66.22,65.82,65.81,65.88,65.35,64.74,63.93,63.33,62.71,62.24,61.6,61.05,60.19
Manggarai Timur,62.3,61.37,60.85,60.47,59.49,58.51,57.5,56.83,56.58,55.74,55.28,54.97,54.26
Sabu Raijua,57.9,57.03,57.02,56.66,55.79,55.22,54.16,53.28,52.51,51.55,50.3,49.16,-
Malaka,61.34,60.42,60.21,60.34,59.66,58.9,58.29,57.51,56.94,56.14,-,-,-
Kota Kupang,80.2,79.74,79.71,79.55,78.84,78.25,78.14,77.95,77.58,77.24,76.38,75.74,74.81
KALIMANTAN BARAT,68.63,67.9,67.66,67.65,66.98,66.26,65.88,65.59,64.89,64.3,63.41,62.35,61.97
Sambas,67.95,67.1,67.03,67.02,66.61,65.92,64.94,64.14,63.28,62.47,61.53,60.57,59.81
Bengkayang,68.74,68.04,67.87,67.57,66.85,65.99,65.45,64.65,64.4,63.99,63.42,62.94,62.5
Landak,67.17,66.21,65.98,65.96,65.45,64.93,64.58,64.12,63.59,62.72,62.38,61.67,60.36
Mempawah,66.94,66.03,65.74,65.5,64.9,64,63.84,63.37,62.78,62.09,60.75,59.95,59.48
Sanggau,66.91,66.2,65.77,65.67,65.15,64.61,63.9,63.05,62.06,61.72,61.39,60.96,60.57
Ketapang,67.92,67.43,67.17,67.16,66.41,65.71,64.74,64.03,63.27,62.85,62.04,61.47,60.63
Sintang,67.86,66.93,66.88,66.7,66.07,65.16,64.78,64.18,63.19,62.64,61.66,60.8,59.91
Kapuas Hulu,66.7,65.75,65.69,65.65,65.03,64.18,63.83,63.73,62.9,62.63,61.85,60.83,59.84
Sekadau,65.58,64.93,64.76,64.34,63.69,63.04,62.52,62.34,61.98,61.02,60.14,59.76,59.42
Melawi,66.81,65.87,65.55,65.54,65.05,64.43,64.25,63.78,62.89,62.27,61.58,61.18,60.91
Kayong Utara,63.81,62.9,62.68,62.66,61.82,61.52,60.87,60.09,58.52,57.92,57.53,56.58,55.83
Kubu Raya,68.91,68.16,67.95,67.76,67.23,66.31,65.54,65.02,64.52,63.94,63.42,62.56,61.87
Kota Pontianak,80.48,79.93,79.44,79.35,78.56,77.93,77.63,77.52,76.63,75.98,75.55,75.08,74.87
Kota Singkawang,72.89,72.11,71.94,71.72,71.08,70.25,70.1,70.03,69.84,69.13,68.54,67.5,67.27
KALIMANTAN TENGAH,71.63,71.25,71.05,70.91,70.42,69.79,69.13,68.53,67.77,67.41,66.66,66.38,65.96
Kotawaringin Barat,73.41,73.07,72.87,72.85,72.46,72.11,71.13,70.6,70.14,69.51,68.63,68.53,68.43
Kotawaringin Timur,71.67,71.38,71.31,71.16,70.56,70.17,69.42,68.61,68.45,67.95,66.61,65.6,65.24
Kapuas,70.01,69.63,69.48,69.38,68.68,68.04,66.98,66.07,65.29,64.82,64.38,64.01,63.32
Barito Selatan,71.01,70.54,70.22,70.1,69.73,69.25,69,68.27,66.61,66.2,65.76,65.1,64.51
Barito Utara,71.21,70.79,70.59,70.52,69.72,69.07,68.28,67.38,66.3,65.12,64.72,64.36,63.87
Sukamara,68.94,68.27,68.03,67.95,67.52,66.98,66.4,65.8,64.44,63.92,63.52,62.86,62.41
Lamandau,71.11,70.58,70.51,70.51,69.7,69.17,68.54,68.3,67.53,67.23,66.49,65.99,65.32
Seruyan,68.24,67.67,67.58,67.57,67.04,66.14,65.4,64.77,63.49,62.81,62.39,62.16,61.6
Katingan,69.74,68.89,68.68,68.55,67.91,67.56,67.41,66.81,65.79,65.29,64.87,64.54,63.25
Pulang Pisau,69.01,68.53,68.45,68.34,67.54,67,66.49,65.76,65,64.76,64.28,64.06,63.76
Gunung Mas,71.4,71.03,70.81,70.65,70.23,69.95,69.73,69.24,68.13,67.75,67.3,66.85,66.33
Barito Timur,72.07,71.47,71.39,71.34,70.82,70.57,70.33,69.71,69.12,68.82,67.97,67.31,66.76
Murung Raya,68.63,68.12,67.98,67.89,67.56,67.16,66.96,66.46,66.1,65.62,64.85,64.39,63.18
Kota Palangka Raya,81.16,80.82,80.77,80.77,80.34,79.69,79.21,78.62,78.5,78.02,77.4,76.98,76.53
KALIMANTAN SELATAN,71.84,71.28,70.91,70.72,70.17,69.65,69.05,68.38,67.63,67.17,66.68,65.89,65.2
Tanah Laut,70.35,69.87,69.38,69.04,68.49,68,67.44,66.99,66.5,66.11,65.16,64.35,63.56
Kota Baru,69.74,69.13,68.86,68.95,68.32,67.79,67.1,66.61,65.76,65.41,64.87,64.27,63.64
Banjar,70.72,69.89,69.18,68.94,68.32,67.77,66.87,66.39,65.71,65.36,65.04,64.75,64.46
Barito Kuala,67.37,66.64,66.22,66.24,65.91,64.93,64.33,63.53,62.56,62.12,61.62,60.93,60.24
Tapin,71.02,70.31,70.11,70.13,69.53,68.7,68.05,67.67,66.99,66.48,65.92,65.41,64.89
Hulu Sungai Selatan,69.76,69.21,68.85,68.8,68.41,67.8,67.52,66.31,65.25,64.59,64.03,63.44,62.8
Hulu Sungai Tengah,69.7,69.05,68.84,68.8,68.32,67.78,67.07,66.56,65.37,64.63,64.34,63.9,63.49
Hulu Sungai Utara,66.84,66.12,65.59,65.49,65.06,64.21,63.38,62.49,61.32,60.77,60.12,59.24,58.5
Tabalong,73.13,72.6,72.19,71.78,71.14,70.76,70.07,69.35,68.36,68.08,67.36,66.6,65.87
Tanah Bumbu,71.79,71,70.71,70.5,70.05,69.12,68.28,67.58,66.94,66.51,66.13,65.59,64.98
Balangan,69.73,69.11,68.82,68.39,67.88,67.25,66.25,65.34,64.44,64.03,63.69,63.28,62.88
Kota Banjarmasin,77.97,77.57,77.1,77.16,76.83,76.46,75.94,75.41,74.94,74.59,73.45,72.01,71.01
Kota Banjar Baru,79.68,79.26,79.1,79.22,78.83,78.32,77.96,77.56,77.3,77.1,76.67,76.23,75.49
KALIMANTAN TIMUR,77.44,76.88,76.24,76.61,75.83,75.12,74.59,74.17,73.82,73.21,72.62,72.02,71.31
Paser,73.44,72.93,72.04,72.29,71.61,71.16,71,70.3,69.87,69.61,68.18,67.11,66.54
Kutai Barat,72.92,72.07,71.19,71.63,70.69,70.18,69.99,69.34,68.91,68.13,67.14,66.92,65.9
Kutai Kartanegara,74.67,74.06,73.59,73.78,73.15,72.75,72.19,71.78,71.2,70.71,69.12,68.47,67.45
Kutai Timur,74.35,73.81,73,73.49,72.56,71.91,71.1,70.76,70.39,69.79,68.71,67.73,66.94
Berau,75.74,75.2,74.71,74.88,74.01,73.56,73.05,72.72,72.26,72.02,70.77,70.43,69.16
Penajam Paser Utara,72.55,72.01,71.41,71.64,71.13,70.59,69.96,69.26,68.6,68.07,67.17,66.92,66.37
Mahakam Ulu,68.75,67.95,67.09,67.58,66.67,66.09,65.51,64.89,64.32,63.81,-,-,-
Kota Balikpapan,81.13,80.71,80.01,80.11,79.81,79.01,78.57,78.18,77.93,77.53,76.56,76.02,75.55
Kota Samarinda,81.43,80.76,80.11,80.2,79.93,79.46,78.91,78.69,78.39,77.84,77.34,77.05,75.85
Kota Bontang,80.94,80.59,80.02,80.09,79.86,79.47,78.92,78.78,78.58,78.34,77.55,77.25,76.97
KALIMANTAN UTARA,71.83,71.19,70.63,71.15,70.56,69.84,69.2,68.76,68.64,67.99,-,-,-
Malinau,72.75,72.32,71.94,72.06,71.74,71.23,70.71,70.15,70,69.84,68.88,68.15,66.9
Bulungan,72.08,71.8,71.1,71.66,71.23,70.74,69.88,69.37,69.25,68.66,68.16,67.63,66.79
Tana Tidung,68.6,67.76,66.97,67.79,67.05,66.26,65.64,64.92,64.7,63.79,62.91,61.92,61.16
Nunukan,67.16,66.46,65.79,66.32,65.67,65.1,64.35,63.35,63.13,62.18,61.18,60.64,60.33
Kota Tarakan,76.68,76.23,75.83,76.09,75.69,75.27,74.88,74.7,74.6,73.58,72.53,71.6,70.95
SULAWESI UTARA,73.81,73.3,72.93,72.99,72.2,71.66,71.05,70.39,69.96,69.49,69.04,68.31,67.83
Bolaang Mongondow,68.95,68.16,67.89,67.82,66.91,66.08,65.73,65.03,64.53,64.16,63.78,63.16,62.75
Minahasa,76.18,75.73,75.29,75.47,74.97,74.59,74.37,73.59,72.76,71.94,71.43,70.82,70.38
Kepulauan Sangihe,71.63,71.07,70.73,70.53,69.67,69.14,68.52,67.56,66.82,66.15,65.87,65.34,64.69
Kepulauan Talaud,70.43,69.83,69.4,68.97,68.32,67.74,67.58,66.92,66.56,66.14,65.51,64.86,64.37
Minahasa Selatan,72.89,72.32,72.11,71.68,70.86,70.05,69.97,69.18,68.36,67.68,67.26,66.61,66.11
Minahasa Utara,74.69,74.11,73.9,73.95,73.05,72.2,71.49,71.09,70.54,70.19,70,69.62,68.74
Bolaang Mongondow Utara,68.06,67.39,66.99,66.91,66.32,65.6,65.16,64.46,64.24,63.67,62.88,62.11,61.34
Siau Tagulandang Biaro,68.94,68.05,67.64,67.48,66.75,66.03,65.66,65,64.35,63.91,63.35,62.45,61.83
Minahasa Tenggara,71.48,71.06,70.51,70.47,69.66,68.91,68.42,68.05,67.86,67.34,67.1,66.07,65.66
Bolaang Mongondow Selatan,65.9,65.42,65,65.28,64.49,64.05,63.92,63.72,63.57,62.84,61.48,60.47,59.77
Bolaang Mongondow Timur,67.21,66.55,65.99,66.08,65.21,64.73,64.44,63.81,63.12,62.64,61.93,60.93,60.04
Kota Manado,79.66,79.2,78.93,79.12,78.41,78.05,77.59,77.32,77.27,76.56,76.15,75.47,74.47
Kota Bitung,74.7,74.2,74.1,74.2,73.27,72.94,72.43,71.64,70.88,70.35,69.89,69.31,68.86
Kota Tomohon,77.44,76.86,76.69,76.67,75.78,75.34,74.91,74.36,73.56,72.99,72.5,71.85,71.27
Kota Kotamobagu,73.96,73.47,72.97,73.22,72.55,72,71.68,70.7,70.46,69.86,69.31,68.57,67.89
SULAWESI TENGAH,70.28,69.79,69.55,69.5,68.88,68.11,67.47,66.76,66.43,65.79,65,64.27,63.29
Banggai Kepulauan,66.08,65.61,65.42,65.13,64.68,64.07,63.45,62.97,62.33,61.74,61.09,60.54,59.42
Banggai,71.08,70.6,70.52,70.36,69.85,69,68.17,67.44,67.11,66.39,65.44,64.63,64.09
Morowali,72.55,72.29,72.21,72.02,71.14,70.41,69.69,69.12,67.91,66.86,66.48,66.03,65.25
Poso,71.93,71.45,71.28,71.4,70.68,69.78,68.83,68.13,67.65,66.94,66.2,65.59,64.81
Donggala,66.25,65.72,65.56,65.49,65.14,64.66,64.42,63.82,63.55,63.38,61.33,60.15,59.73
Toli-Toli,66.76,66.3,65.69,65.42,64.6,64.05,63.27,62.72,61.91,61.44,60.05,59.12,58.18
Buol,68.72,68.25,67.82,67.69,67.3,66.69,66.37,65.61,65.41,64.5,63.98,63.03,62.21
Parigi Moutong,66.26,65.82,65.44,65.47,64.85,64.09,63.6,62.79,62.2,61.98,61.13,60.36,59.17
Tojo Una-Una,65.54,64.74,64.59,64.52,63.38,62.61,62.27,61.33,61.15,60.32,59.55,58.87,58.33
Sigi,69.05,68.49,68.12,68.16,67.66,66.72,65.95,65.35,64.64,64.1,62.88,61.76,60.81
Banggai Laut,66.22,65.65,65.43,65.27,64.8,64.08,63.49,62.9,62.12,61.86,-,-,-
Morowali Utara,68.97,68.48,68.36,68.45,67.95,67.35,66.57,66,65.81,65.01,-,-,-
Kota Palu,82.02,81.7,81.47,81.5,80.91,80.24,79.73,79.63,79.12,78.65,78.36,78.1,77.39
SULAWESI SELATAN,72.82,72.24,71.93,71.66,70.9,70.34,69.76,69.15,68.49,67.92,67.26,66.65,66
Kepulauan Selayar,68.35,67.76,67.38,66.91,66.04,65.39,64.95,64.32,63.66,63.16,62.87,62.53,62.15
Bulukumba,70.34,69.62,68.99,68.28,67.7,67.08,66.46,65.58,65.24,64.27,63.82,63.36,62.73
Bantaeng,69.69,68.99,68.73,68.3,67.76,67.27,66.59,66.2,65.77,64.88,63.99,63.07,62.46
Jeneponto,65.13,64.56,64.26,64,63.33,62.67,61.81,61.61,61.45,60.55,59.62,58.95,58.31
Takalar,68.31,67.72,67.31,66.94,66.07,65.48,64.96,64.07,63.53,62.58,61.66,60.83,60.23
Gowa,70.99,70.29,70.14,69.66,68.87,68.33,67.7,66.87,66.12,65.45,64.65,64.42,63.83
Sinjai,68.33,67.75,67.6,67.05,66.24,65.8,65.36,64.48,63.83,63.47,62.74,62.13,61.31
Maros,71,70.41,69.86,69.5,68.94,68.42,67.76,67.13,66.65,66.06,65.5,64.95,64.07
Pangkajene dan Kepulauan,69.79,69.21,68.72,68.29,67.71,67.25,66.86,66.65,66.16,65.24,64.3,63.6,62.79
Barru,71.53,71.13,71,70.6,70.05,69.56,69.07,68.64,67.94,67.02,66.07,65.73,64.94
Bone,67.01,66.4,66.06,65.67,65.04,64.16,63.86,63.11,62.09,61.4,60.77,60.21,59.69
Soppeng,69.7,68.99,68.67,68.26,67.6,66.67,65.95,65.33,64.74,64.43,64.05,63.8,63.51
Wajo,70.26,69.62,69.15,69.05,68.57,68.18,67.52,66.9,66.49,65.79,64.88,64,63.07
Sidenreng Rappang,72.06,71.54,71.21,71.05,70.6,69.84,69.39,69,68.14,67.15,66.19,65.88,65.54
Pinrang,71.97,71.45,71.26,71.12,70.62,69.9,69.42,69.24,68.92,68.14,67.64,66.96,66.25
Enrekang,73.39,72.91,72.76,72.66,72.15,71.44,70.79,70.03,69.37,68.39,67.74,67.03,66.27
Luwu,71.36,70.85,70.51,70.39,69.6,69.02,68.71,68.11,67.34,66.39,65.43,64.71,63.95
Tana Toraja,69.88,69.49,68.75,68.25,67.66,66.82,66.25,65.75,65.08,64.55,63.96,63.22,62.83
Luwu Utara,70.51,70.02,69.57,69.46,68.79,68.35,67.81,67.44,66.9,66.4,65.99,65.57,64.77
Luwu Timur,73.92,73.34,73.22,72.8,72.16,71.46,70.95,70.43,69.75,69.53,69.34,68.94,68.47
Toraja Utara,70.36,69.75,69.33,69.23,68.49,67.9,67.49,66.76,66.15,65.65,64.89,64.48,63.51
Kota Makasar,83.12,82.66,82.25,82.25,81.73,81.13,80.53,79.94,79.35,78.98,78.47,77.82,77.63
Kota Parepare,78.54,78.21,77.86,77.62,77.19,76.68,76.48,76.31,75.66,75.1,74.67,74.2,73.55
Kota Palopo,78.91,78.38,78.06,77.98,77.3,76.71,76.45,76.27,75.65,75.02,74.54,74.02,73.03
SULAWESI TENGGARA,72.23,71.66,71.45,71.2,70.61,69.86,69.31,68.75,68.07,67.55,67.07,66.52,65.99
Buton,67.23,66.32,65.98,65.67,65.08,64.47,63.69,62.78,62.31,61.83,61.38,60.12,59.44
Muna,69.61,69.17,69.02,68.97,68.47,67.61,66.96,65.99,65.09,64.67,63.76,63.08,62.57
Konawe,72.04,71.48,71.35,71.29,70.72,70.24,69.84,69.56,68.68,68.23,67.51,67.16,66.55
Kolaka,73.98,73.56,73.45,73.01,72.07,71.46,71.12,70.47,70.2,69.55,68.86,68.27,67.76
Konawe Selatan,69.36,68.58,68.2,67.88,67.51,67.23,66.97,66.32,65.6,65.02,64.05,63.65,63.2
Bombana,66.81,66.25,66.05,65.65,65.04,64.49,64.02,63.65,63.38,62.82,61.82,60.84,59.85
Wakatobi,70.85,69.87,69.48,68.99,68.52,67.99,67.5,67.22,66.95,66.5,65.24,64.67,63.26
Kolaka Utara,70.39,69.5,69.31,68.91,68.44,67.77,67.6,66.9,65.76,65.35,64.49,63.98,63.17
Buton Utara,69,68.08,67.87,67.68,67.13,66.4,65.95,65.23,64.65,64.2,62.69,61.58,60.94
Konawe Utara,71.1,70.23,69.86,69.22,68.5,67.71,67.2,66.44,66.03,65.54,64.87,64.25,63.74
Kolaka Timur,68.73,67.76,67.02,66.49,65.53,64.55,63.6,62.74,62.13,61.78,-,-,-
Konawe Kepulauan,66.69,65.73,65.41,65.05,64.36,63.44,62.56,61.72,61.31,61.15,-,-,-
Muna Barat,66.21,65.48,65.08,64.45,64.11,63.43,62.57,62.29,61.92,-,-,-,-
Buton Tengah,65.29,64.55,64.37,64.06,63.46,62.82,62.56,62.13,61.69,-,-,-,-
Buton Selatan,65.44,64.99,64.93,64.37,63.47,63.2,62.55,62,61.51,-,-,-,-
Kota Kendari,84.51,84.15,83.53,82.86,82.22,81.83,81.66,81.43,81.3,80.91,79.97,79.43,78.13
Kota Baubau,76.67,76.26,75.9,75.21,74.67,74.14,73.99,73.59,73.13,72.55,71.65,71.11,70.6
GORONTALO,69.81,69,68.68,68.49,67.71,67.01,66.29,65.86,65.17,64.7,64.16,63.48,62.65
Boalemo,67.27,66.42,65.91,65.53,64.99,64.22,63.42,62.86,62.18,61.71,61.11,60.52,59.92
Gorontalo,68.28,67.34,66.92,66.69,65.78,64.95,64.22,63.63,62.9,62.22,61.87,61.04,60
Pohuwato,66.53,65.8,65.37,65.27,64.44,63.88,63.17,62.5,61.74,61.38,60.48,59.85,59.11
Bone Bolango,70.9,70.25,69.98,69.63,69.06,68.11,67.48,66.83,66.03,65.82,65.13,64.44,64
Gorontalo Utara,66.01,65.21,64.86,64.52,64.06,63.52,63.02,62.55,61.92,61.6,60.71,59.95,59.26
Kota Gorontalo,78.22,77.41,77.13,77.08,76.53,76.09,75.75,75.62,74.97,74.43,74.06,73.56,73.07
SULAWESI BARAT,66.92,66.36,66.11,65.73,65.1,64.3,63.6,62.96,62.24,61.53,61.01,60.63,59.74
Majene,67.84,67.29,66.91,66.59,66.01,65.4,64.8,64.4,63.74,63.32,63.06,62.56,61.67
Polewali Mandar,64.79,64.23,63.84,63.74,63.14,62.35,61.51,60.87,60.09,59.27,58.62,58.26,57.44
Mamasa,67.21,66.63,66.02,65.32,64.66,63.92,63.51,63.17,62.85,62.57,61.95,61.45,60.88
Mamuju,68.88,68.32,68.15,67.72,67.11,66.32,65.65,65.09,64.71,64.17,63.24,62.28,61.65
Mamuju Utara,68.61,68.03,67.79,67.27,66.6,65.67,65.17,64.69,64.04,63.76,63,62.23,61.29
Mamuju Tengah,66.89,66.18,65.71,65.1,64.43,63.64,62.89,62.22,61.48,61.05,-,-,-
MALUKU,70.22,69.71,69.49,69.45,68.87,68.19,67.6,67.05,66.74,66.09,65.43,64.75,64.27
Maluku Tenggara Barat,63.45,62.97,62.86,62.86,62.39,61.64,61.12,60.26,59.81,59.34,58.56,57.69,57.08
Maluku Tenggara,66.88,66.33,66.2,65.85,65.53,64.94,64.2,63.35,62.74,62.11,61.75,60.96,60.58
Maluku Tengah,71.81,71.32,71.25,71.25,70.6,70.09,69.54,68.85,68.69,67.89,67.3,66.64,66.12
Buru,69.94,69.33,68.95,68.91,68.25,67.61,66.63,65.75,65.15,64.31,63.5,62.5,61.6
Kepulauan Aru,64.21,63.83,63.71,63.64,63.12,62.13,61.32,60.5,59.91,59.62,59.17,58.6,58.22
Seram Bagian Barat,66.67,65.83,65.62,65.49,65.14,64.34,63.76,63.02,62.39,61.79,61.47,60.59,59.9
Seram Bagian Timur,65.05,64.3,64.12,63.74,62.98,62.06,61.15,60.27,59.5,58.88,58.47,58.07,57.88
Maluku Barat Daya,63.07,62.37,61.9,61.55,60.64,60.16,59.43,58.64,58.09,57.34,56.74,56.1,55.75
Buru Selatan,65.37,64.8,64.69,64.42,63.62,62.75,62.19,61.48,60.74,59.89,58.91,57.98,57.3
Kota Ambon,81.63,81.23,80.84,80.81,80.24,79.82,79.55,79.3,79.09,78.16,77.49,76.7,76.07
Kota Tual,68.6,68.16,67.96,67.74,67.21,66.25,65.64,65.2,64.95,64.16,63.56,62.69,61.7
MALUKU UTARA,69.47,68.76,68.49,68.7,67.76,67.2,66.63,65.91,65.18,64.78,63.93,63.19,62.79
Halmahera Barat,66.2,65.56,65.31,65.34,64.54,64.19,63.83,62.97,62.06,61.47,60.71,60.33,59.56
Halmahera Tengah,66.49,65.82,65.42,65.55,64.66,63.89,63.05,62.07,61.49,60.89,59.94,59.34,58.42
Kepulauan Sula,64.7,63.8,63.53,63.64,62.96,62.04,61.25,60.5,60.18,59.77,58.83,57.98,57.06
Halmahera Selatan,65.06,64.19,63.84,64.11,63.39,62.64,62.17,61.26,60.34,59.92,59.5,58.86,58.22
Halmahera Utara,68.38,67.82,67.5,67.75,67.3,66.52,66.02,65.04,64.18,63.81,62.94,62.31,61.46
Halmahera Timur,67.93,67,66.75,66.74,66.2,65.77,64.92,63.99,63.26,62.71,61.73,60.77,60.06
Pulau Morotai,63.8,62.9,62.5,62.38,61.39,60.71,59.87,59.27,58.34,57.97,57.16,56.63,-
Pulau Taliabu,61.64,60.73,60.48,60.62,59.67,59.03,58.66,58.26,57.31,56.86,-,-,-
Kota Ternate,80.81,80.14,79.82,80.03,79.13,78.48,77.8,77.64,77.15,76.69,75.81,75.52,74.86
Kota Tidore Kepulauan,71.55,70.99,70.53,70.83,69.89,69.25,68.37,67.45,66.76,66.25,65.42,64.8,64.48
PAPUA BARAT,65.89,65.26,65.09,64.7,63.74,62.99,62.21,61.73,61.28,60.91,60.3,59.9,59.6
Fakfak,69.12,68.52,68.36,67.87,66.99,66.09,65.55,64.92,64.73,64.29,62.56,61.94,60.95
Kaimana,66.11,65.31,65,64.59,63.67,62.74,62.15,61.33,61.07,60.36,58.99,57.87,57.25
Teluk Wondama,60.87,60.33,60.21,59.82,58.86,58.1,57.16,56.64,56.27,55.65,54.69,53.74,52.97
Teluk Bintuni,65.27,64.65,64.55,64,63.13,62.39,61.81,61.09,60.4,59.73,58.84,57.87,56.99
Manokwari,72.6,72.02,72.01,71.67,71.17,70.67,70.34,69.91,69.35,68.81,67.86,67.28,66.29
Sorong Selatan,63.08,62.46,62.42,61.93,61.01,60.19,59.2,58.6,58.24,57.73,56.87,56.01,54.24
Sorong,66.69,65.77,65.74,65.29,64.32,63.42,62.42,61.86,61.23,60.86,59.18,58.56,57.56
Raja Ampat,64.65,63.92,63.89,63.66,62.84,62.35,61.95,61.23,60.86,60.36,59.06,58.37,57.36
Tambrauw,54.63,53.71,53.45,52.9,51.95,51.01,50.35,49.77,49.4,48.69,47.18,45.97,-
Maybrat,60.49,59.7,59.52,59.15,58.16,57.23,56.35,55.78,55.36,54.93,54.13,53.29,-
Manokwari Selatan,60.68,59.85,59.84,59.72,58.84,58.08,57.12,56.59,55.32,54.95,-,-,-
Pegunungan Arfak,57.01,56.13,56.33,56.15,55.31,54.39,53.89,53.73,53.69,53.36,-,-,-
Kota Sorong,78.98,78.49,78.45,77.98,77.35,76.73,76.33,75.91,75.78,74.96,73.89,72.8,71.96
PAPUA,61.39,60.62,60.44,60.84,60.06,59.09,58.05,57.25,56.75,56.25,55.55,55.01,54.45
Merauke,71.24,70.49,70.09,69.98,69.38,68.64,68.09,67.75,67.33,66.88,66.28,66.03,65.58
Jayawijaya,59.6,58.67,58.03,57.79,56.82,55.99,54.96,54.18,53.37,52.94,52.27,51.66,50.79
Jayapura,72.67,72.03,71.69,71.84,71.25,70.97,70.5,70.04,69.55,69.21,68.85,68.04,67.15
Nabire,69.91,69.15,68.83,68.53,67.7,67.11,66.64,66.49,66.25,65.45,65.28,64.96,64.49
Kepulauan Yapen,68.41,67.72,67.66,67.76,67,66.07,65.55,65.28,64.89,64.34,64.11,63.82,63.5
Biak Numfor,72.85,72.33,72.19,72.57,71.96,71.56,71.13,70.85,70.32,69.35,69.05,68.8,68.22
Paniai,57.14,56.7,56.31,56.58,55.83,54.91,54.34,54.2,53.93,53.7,53.34,53.02,52.57
Puncak Jaya,49.84,48.99,48.37,48.33,47.39,46.57,45.49,44.87,44.32,43.36,41.85,40.36,38.83
Mimika,75.08,74.48,74.19,74.13,73.15,72.42,71.64,70.89,70.4,69.5,68.95,68.74,67.96
Boven Digoel,62.52,61.62,61.53,61.51,60.83,60.14,59.35,59.02,58.21,57.96,57.45,56.89,56.15
Mappi,59.61,58.7,58.15,58.3,57.72,57.1,56.54,56.11,55.74,55.51,55.09,54.61,54.09
Asmat,52.22,51.29,50.55,50.37,49.37,48.49,47.31,46.62,45.91,45.54,45.08,44.58,43.69
Yahukimo,50.25,49.48,49.37,49.25,48.51,47.95,47.13,46.63,46.36,45.63,43.82,41.72,40.63
Pegunungan Bintang,47.21,46.28,45.44,45.21,44.22,43.24,41.9,40.91,39.68,38.94,37.82,36.61,35.45
Tolikara,50.51,49.6,49.5,49.68,48.85,47.89,47.11,46.38,46.16,45.68,44.86,44.41,43.44
Sarmi,64.86,63.94,63.63,63.45,63,62.31,61.27,60.99,60.48,59.51,59.03,57.96,56.98
Keerom,67.24,66.49,66.4,66.59,65.75,64.99,64.1,63.43,62.73,62.49,61.13,60.65,60
Waropen,65.67,65.1,64.94,65.34,64.8,64.08,63.1,62.35,61.97,61.68,61.32,60.94,59.98
Supiori,63.65,62.72,62.3,62.3,61.84,61.23,60.59,60.09,59.7,59.4,58.86,58.31,57.71
Mamberamo Raya,53.1,52.18,51.78,52.2,51.24,50.25,49,48.29,47.88,47.28,46.62,45.82,44.89
Nduga,34.1,32.84,31.55,30.75,29.42,27.87,26.56,25.47,25.38,24.42,23.07,21.12,19.62
Lanny Jaya,49.62,48.68,47.86,48,47.34,46.49,45.16,44.18,43.28,43.05,42.53,41.9,41.49
Mamberamo Tengah,49.25,48.32,47.57,47.23,46.41,45.5,44.15,43.55,43.19,42.43,41.39,40.17,39.37
Yalimo,49.9,49.01,48.34,48.08,47.13,46.19,44.95,44.32,44.21,43.33,41.84,40.45,38.47
Puncak,43.87,43.17,43.04,42.7,41.81,41.06,39.96,39.41,38.05,37.73,36.85,35.08,33.44
Dogiyai,55.72,55,54.84,55.41,54.44,54.04,53.32,52.78,52.25,51.46,50.59,48.48,47.48
Intan Jaya,49.25,48.34,47.79,47.51,46.55,45.68,44.82,44.35,43.51,42.69,41.89,40.07,-
Deiyai,50.42,49.96,49.46,50.11,49.55,49.07,48.5,48.28,48.12,47.74,46.94,46.12,-
Kota Jayapura,80.61,80.11,79.94,80.16,79.58,79.23,78.56,78.05,77.86,77.46,77.25,76.97,76.69
INDONESIA,72.91,72.29,71.94,71.92,71.39,70.81,70.18,69.55,68.9,68.31,67.7,67.09,66.53
